file_name,text,normalized_digits,template,label_pattern,source_file
images/000000.png,62-8398,628398,title_block,drawing_no,train/000000.png
images/000001.png,346.29,34629,horizontal_dimension,two_decimal,train/000001.png
images/000002.png,60-9238,609238,leader_note,drawing_no,train/000002.png
images/000003.png,5.1,51,table_callout,one_decimal,train/000003.png
images/000004.png,21-3065,213065,title_block,drawing_no,train/000004.png
images/000005.png,2032/09/24,20320924,table_callout,date,train/000005.png
images/000006.png,22:121,22121,title_block,coordinate,train/000006.png
images/000007.png,8/8,88,table_callout,sheet,train/000007.png
images/000008.png,245.88,24588,leader_note,two_decimal,train/000008.png
images/000009.png,2026/02/05,20260205,leader_note,date,train/000009.png
images/000010.png,1/8,18,leader_note,sheet,train/000010.png
images/000011.png,66,66,leader_note,plain_mm,train/000011.png
images/000012.png,210,210,table_callout,plain_mm,train/000012.png
images/000013.png,4/4,44,title_block,sheet,train/000013.png
images/000014.png,2:2,22,title_block,scale,train/000014.png
images/000015.png,239.92,23992,table_callout,two_decimal,train/000015.png
images/000016.png,91-7653,917653,table_callout,drawing_no,train/000016.png
images/000017.png,489,489,horizontal_dimension,plain_mm,train/000017.png
images/000018.png,790,790,table_callout,plain_mm,train/000018.png
images/000019.png,"29,019",29019,title_block,mass,train/000019.png
images/000020.png,138.23,13823,horizontal_dimension,two_decimal,train/000020.png
images/000021.png,115.96-06,1159606,leader_note,tolerance_range,train/000021.png
images/000022.png,5:20,520,table_callout,scale,train/000022.png
images/000023.png,83.51-07,835107,title_block,tolerance_range,train/000023.png
images/000024.png,2032/08/10,20320810,table_callout,date,train/000024.png
images/000025.png,58.98-07,589807,title_block,tolerance_range,train/000025.png
images/000026.png,151.8,1518,leader_note,one_decimal,train/000026.png
images/000027.png,336,336,horizontal_dimension,plain_mm,train/000027.png
images/000028.png,708:544,708544,title_block,coordinate,train/000028.png
images/000029.png,32.41-01,324101,title_block,tolerance_range,train/000029.png
images/000030.png,154.82,15482,title_block,two_decimal,train/000030.png
images/000031.png,692:732,692732,leader_note,coordinate,train/000031.png
images/000032.png,369:772,369772,title_block,coordinate,train/000032.png
images/000033.png,191.5,1915,leader_note,one_decimal,train/000033.png
images/000034.png,94-2842,942842,leader_note,drawing_no,train/000034.png
images/000035.png,2027/12/17,20271217,leader_note,date,train/000035.png
images/000036.png,"58,379",58379,table_callout,mass,train/000036.png
images/000037.png,167.68-03,1676803,title_block,tolerance_range,train/000037.png
images/000038.png,"61,160",61160,table_callout,mass,train/000038.png
images/000039.png,85:734,85734,horizontal_dimension,coordinate,train/000039.png
images/000040.png,8/2,82,table_callout,sheet,train/000040.png
images/000041.png,"91,700",91700,leader_note,mass,train/000041.png
images/000042.png,682:223,682223,horizontal_dimension,coordinate,train/000042.png
images/000043.png,128:466,128466,horizontal_dimension,coordinate,train/000043.png
images/000044.png,272.41,27241,title_block,two_decimal,train/000044.png
images/000045.png,62-2438,622438,leader_note,drawing_no,train/000045.png
images/000046.png,"33,420",33420,title_block,mass,train/000046.png
images/000047.png,963.3,9633,title_block,one_decimal,train/000047.png
images/000048.png,"90,971",90971,leader_note,mass,train/000048.png
images/000049.png,594,594,title_block,plain_mm,train/000049.png
images/000050.png,267.83,26783,leader_note,two_decimal,train/000050.png
images/000051.png,275.0,2750,leader_note,one_decimal,train/000051.png
images/000052.png,"14,878",14878,table_callout,mass,train/000052.png
images/000053.png,"79,089",79089,horizontal_dimension,mass,train/000053.png
images/000054.png,84-8350,848350,horizontal_dimension,drawing_no,train/000054.png
images/000055.png,2025/07/22,20250722,horizontal_dimension,date,train/000055.png
images/000056.png,5/12,512,horizontal_dimension,sheet,train/000056.png
images/000057.png,2024/04/24,20240424,leader_note,date,train/000057.png
images/000058.png,696:322,696322,leader_note,coordinate,train/000058.png
images/000059.png,"54,247",54247,title_block,mass,train/000059.png
images/000060.png,263.23,26323,title_block,two_decimal,train/000060.png
images/000061.png,53.21-08,532108,horizontal_dimension,tolerance_range,train/000061.png
images/000062.png,37.66,3766,horizontal_dimension,two_decimal,train/000062.png
images/000063.png,353:87,35387,horizontal_dimension,coordinate,train/000063.png
images/000064.png,1:1,11,leader_note,scale,train/000064.png
images/000065.png,"4,855",4855,title_block,mass,train/000065.png
images/000066.png,89.9,899,leader_note,one_decimal,train/000066.png
images/000067.png,2029/12/07,20291207,leader_note,date,train/000067.png
images/000068.png,7/7,77,table_callout,sheet,train/000068.png
images/000069.png,88.85-06,888506,title_block,tolerance_range,train/000069.png
images/000070.png,19.25-07,192507,title_block,tolerance_range,train/000070.png
images/000071.png,1:2,12,leader_note,scale,train/000071.png
images/000072.png,501:919,501919,leader_note,coordinate,train/000072.png
images/000073.png,888.1,8881,table_callout,one_decimal,train/000073.png
images/000074.png,408,408,horizontal_dimension,plain_mm,train/000074.png
images/000075.png,2026/11/08,20261108,title_block,date,train/000075.png
images/000076.png,705.5,7055,title_block,one_decimal,train/000076.png
images/000077.png,2025/11/03,20251103,horizontal_dimension,date,train/000077.png
images/000078.png,800.5,8005,title_block,one_decimal,train/000078.png
images/000079.png,102.3,1023,title_block,one_decimal,train/000079.png
images/000080.png,"96,385",96385,title_block,mass,train/000080.png
images/000081.png,"51,789",51789,leader_note,mass,train/000081.png
images/000082.png,523,523,table_callout,plain_mm,train/000082.png
images/000083.png,116.37,11637,horizontal_dimension,two_decimal,train/000083.png
images/000084.png,65-4056,654056,leader_note,drawing_no,train/000084.png
images/000085.png,1:20,120,title_block,scale,train/000085.png
images/000086.png,68.56-01,685601,table_callout,tolerance_range,train/000086.png
images/000087.png,5:10,510,leader_note,scale,train/000087.png
images/000088.png,4/8,48,table_callout,sheet,train/000088.png
images/000089.png,79-6322,796322,leader_note,drawing_no,train/000089.png
images/000090.png,2030/03/12,20300312,title_block,date,train/000090.png
images/000091.png,189.83-08,1898308,horizontal_dimension,tolerance_range,train/000091.png
images/000092.png,"97,969",97969,horizontal_dimension,mass,train/000092.png
images/000093.png,5:50,550,horizontal_dimension,scale,train/000093.png
images/000094.png,2025/06/02,20250602,table_callout,date,train/000094.png
images/000095.png,"91,417",91417,title_block,mass,train/000095.png
images/000096.png,977,977,leader_note,plain_mm,train/000096.png
images/000097.png,197.40-03,1974003,horizontal_dimension,tolerance_range,train/000097.png
images/000098.png,5:2,52,table_callout,scale,train/000098.png
images/000099.png,339:474,339474,title_block,coordinate,train/000099.png
images/000100.png,799:328,799328,title_block,coordinate,train/000100.png
images/000101.png,557.6,5576,leader_note,one_decimal,train/000101.png
images/000102.png,9.57-06,95706,table_callout,tolerance_range,train/000102.png
images/000103.png,643.9,6439,title_block,one_decimal,train/000103.png
images/000104.png,2024/04/14,20240414,table_callout,date,train/000104.png
images/000105.png,"57,905",57905,table_callout,mass,train/000105.png
images/000106.png,2032/10/17,20321017,title_block,date,train/000106.png
images/000107.png,357,357,leader_note,plain_mm,train/000107.png
images/000108.png,253.19,25319,title_block,two_decimal,train/000108.png
images/000109.png,46-1757,461757,horizontal_dimension,drawing_no,train/000109.png
images/000110.png,101.07-05,1010705,horizontal_dimension,tolerance_range,train/000110.png
images/000111.png,2026/07/18,20260718,title_block,date,train/000111.png
images/000112.png,"79,633",79633,horizontal_dimension,mass,train/000112.png
images/000113.png,2025/03/05,20250305,title_block,date,train/000113.png
images/000114.png,30.1,301,title_block,one_decimal,train/000114.png
images/000115.png,382.50,38250,title_block,two_decimal,train/000115.png
images/000116.png,8/3,83,leader_note,sheet,train/000116.png
images/000117.png,303:479,303479,leader_note,coordinate,train/000117.png
images/000118.png,83-5034,835034,leader_note,drawing_no,train/000118.png
images/000119.png,64.24,6424,leader_note,two_decimal,train/000119.png
images/000120.png,"67,549",67549,table_callout,mass,train/000120.png
images/000121.png,115.34,11534,table_callout,two_decimal,train/000121.png
images/000122.png,4/8,48,title_block,sheet,train/000122.png
images/000123.png,30.43-05,304305,title_block,tolerance_range,train/000123.png
images/000124.png,214.77,21477,table_callout,two_decimal,train/000124.png
images/000125.png,278.46,27846,leader_note,two_decimal,train/000125.png
images/000126.png,79-5353,795353,leader_note,drawing_no,train/000126.png
images/000127.png,97-8587,978587,leader_note,drawing_no,train/000127.png
images/000128.png,"27,034",27034,leader_note,mass,train/000128.png
images/000129.png,297,297,title_block,plain_mm,train/000129.png
images/000130.png,2:10,210,horizontal_dimension,scale,train/000130.png
images/000131.png,615:823,615823,title_block,coordinate,train/000131.png
images/000132.png,2:10,210,leader_note,scale,train/000132.png
images/000133.png,3/3,33,title_block,sheet,train/000133.png
images/000134.png,365.6,3656,table_callout,one_decimal,train/000134.png
images/000135.png,313.57,31357,table_callout,two_decimal,train/000135.png
images/000136.png,30-9471,309471,horizontal_dimension,drawing_no,train/000136.png
images/000137.png,65-7572,657572,table_callout,drawing_no,train/000137.png
images/000138.png,78-2378,782378,table_callout,drawing_no,train/000138.png
images/000139.png,240:550,240550,table_callout,coordinate,train/000139.png
images/000140.png,7/10,710,table_callout,sheet,train/000140.png
images/000141.png,6.55-07,65507,table_callout,tolerance_range,train/000141.png
images/000142.png,2028/12/06,20281206,table_callout,date,train/000142.png
images/000143.png,2026/04/05,20260405,table_callout,date,train/000143.png
images/000144.png,98-2109,982109,table_callout,drawing_no,train/000144.png
images/000145.png,3/12,312,leader_note,sheet,train/000145.png
images/000146.png,53.19-04,531904,table_callout,tolerance_range,train/000146.png
images/000147.png,5:50,550,horizontal_dimension,scale,train/000147.png
images/000148.png,51.20,5120,leader_note,two_decimal,train/000148.png
images/000149.png,41:124,41124,horizontal_dimension,coordinate,train/000149.png
images/000150.png,531,531,table_callout,plain_mm,train/000150.png
images/000151.png,34.05,3405,leader_note,two_decimal,train/000151.png
images/000152.png,5:2,52,leader_note,scale,train/000152.png
images/000153.png,102.07-02,1020702,table_callout,tolerance_range,train/000153.png
images/000154.png,5:20,520,title_block,scale,train/000154.png
images/000155.png,257.78,25778,leader_note,two_decimal,train/000155.png
images/000156.png,"57,845",57845,table_callout,mass,train/000156.png
images/000157.png,10:2,102,title_block,scale,train/000157.png
images/000158.png,394.25,39425,title_block,two_decimal,train/000158.png
images/000159.png,26.84-08,268408,table_callout,tolerance_range,train/000159.png
images/000160.png,1/6,16,table_callout,sheet,train/000160.png
images/000161.png,161.32-01,1613201,table_callout,tolerance_range,train/000161.png
images/000162.png,3/5,35,leader_note,sheet,train/000162.png
images/000163.png,2026/09/08,20260908,leader_note,date,train/000163.png
images/000164.png,2025/08/19,20250819,table_callout,date,train/000164.png
images/000165.png,940,940,title_block,plain_mm,train/000165.png
images/000166.png,571,571,horizontal_dimension,plain_mm,train/000166.png
images/000167.png,"24,827",24827,title_block,mass,train/000167.png
images/000168.png,"74,431",74431,title_block,mass,train/000168.png
images/000169.png,2028/10/23,20281023,table_callout,date,train/000169.png
images/000170.png,189.89-05,1898905,title_block,tolerance_range,train/000170.png
images/000171.png,941,941,leader_note,plain_mm,train/000171.png
images/000172.png,66.35-07,663507,leader_note,tolerance_range,train/000172.png
images/000173.png,49.46,4946,table_callout,two_decimal,train/000173.png
images/000174.png,1:1,11,title_block,scale,train/000174.png
images/000175.png,942,942,title_block,plain_mm,train/000175.png
images/000176.png,"41,158",41158,title_block,mass,train/000176.png
images/000177.png,7/6,76,leader_note,sheet,train/000177.png
images/000178.png,2027/05/15,20270515,leader_note,date,train/000178.png
images/000179.png,466.9,4669,title_block,one_decimal,train/000179.png
images/000180.png,869:833,869833,table_callout,coordinate,train/000180.png
images/000181.png,363:813,363813,title_block,coordinate,train/000181.png
images/000182.png,26-6835,266835,leader_note,drawing_no,train/000182.png
images/000183.png,2/4,24,leader_note,sheet,train/000183.png
images/000184.png,2/6,26,horizontal_dimension,sheet,train/000184.png
images/000185.png,2025/11/25,20251125,horizontal_dimension,date,train/000185.png
images/000186.png,75-2596,752596,table_callout,drawing_no,train/000186.png
images/000187.png,732.1,7321,table_callout,one_decimal,train/000187.png
images/000188.png,43.00-01,430001,horizontal_dimension,tolerance_range,train/000188.png
images/000189.png,584:486,584486,table_callout,coordinate,train/000189.png
images/000190.png,673.7,6737,table_callout,one_decimal,train/000190.png
images/000191.png,115:209,115209,title_block,coordinate,train/000191.png
images/000192.png,2:10,210,title_block,scale,train/000192.png
images/000193.png,"23,515",23515,horizontal_dimension,mass,train/000193.png
images/000194.png,398.51,39851,leader_note,two_decimal,train/000194.png
images/000195.png,48,48,leader_note,plain_mm,train/000195.png
images/000196.png,181.31,18131,horizontal_dimension,two_decimal,train/000196.png
images/000197.png,5:50,550,table_callout,scale,train/000197.png
images/000198.png,953.4,9534,title_block,one_decimal,train/000198.png
images/000199.png,44:757,44757,leader_note,coordinate,train/000199.png
images/000200.png,2031/12/16,20311216,title_block,date,train/000200.png
images/000201.png,626:40,62640,title_block,coordinate,train/000201.png
images/000202.png,2030/09/13,20300913,horizontal_dimension,date,train/000202.png
images/000203.png,9/5,95,horizontal_dimension,sheet,train/000203.png
images/000204.png,187.32,18732,leader_note,two_decimal,train/000204.png
images/000205.png,157.00,15700,horizontal_dimension,two_decimal,train/000205.png
images/000206.png,111.65-01,1116501,leader_note,tolerance_range,train/000206.png
images/000207.png,918.2,9182,title_block,one_decimal,train/000207.png
images/000208.png,132.26,13226,title_block,two_decimal,train/000208.png
images/000209.png,71-1208,711208,horizontal_dimension,drawing_no,train/000209.png
images/000210.png,2/11,211,table_callout,sheet,train/000210.png
images/000211.png,431,431,table_callout,plain_mm,train/000211.png
images/000212.png,960:311,960311,title_block,coordinate,train/000212.png
images/000213.png,91.7,917,leader_note,one_decimal,train/000213.png
images/000214.png,5/9,59,table_callout,sheet,train/000214.png
images/000215.png,1:20,120,horizontal_dimension,scale,train/000215.png
images/000216.png,"95,055",95055,horizontal_dimension,mass,train/000216.png
images/000217.png,8/2,82,leader_note,sheet,train/000217.png
images/000218.png,4/2,42,title_block,sheet,train/000218.png
images/000219.png,978,978,horizontal_dimension,plain_mm,train/000219.png
images/000220.png,"13,790",13790,table_callout,mass,train/000220.png
images/000221.png,2032/05/12,20320512,leader_note,date,train/000221.png
images/000222.png,550,550,leader_note,plain_mm,train/000222.png
images/000223.png,34.43-02,344302,table_callout,tolerance_range,train/000223.png
images/000224.png,800,800,table_callout,plain_mm,train/000224.png
images/000225.png,10:5,105,table_callout,scale,train/000225.png
images/000226.png,436.7,4367,title_block,one_decimal,train/000226.png
images/000227.png,"41,436",41436,title_block,mass,train/000227.png
images/000228.png,8/8,88,leader_note,sheet,train/000228.png
images/000229.png,313.57,31357,title_block,two_decimal,train/000229.png
images/000230.png,2:10,210,leader_note,scale,train/000230.png
images/000231.png,423,423,horizontal_dimension,plain_mm,train/000231.png
images/000232.png,513,513,title_block,plain_mm,train/000232.png
images/000233.png,2025/04/20,20250420,title_block,date,train/000233.png
images/000234.png,5/8,58,leader_note,sheet,train/000234.png
images/000235.png,243:579,243579,table_callout,coordinate,train/000235.png
images/000236.png,63.8,638,table_callout,one_decimal,train/000236.png
images/000237.png,"4,707",4707,table_callout,mass,train/000237.png
images/000238.png,6/5,65,horizontal_dimension,sheet,train/000238.png
images/000239.png,9:810,9810,horizontal_dimension,coordinate,train/000239.png
images/000240.png,"96,965",96965,leader_note,mass,train/000240.png
images/000241.png,2030/12/20,20301220,table_callout,date,train/000241.png
images/000242.png,1:2,12,table_callout,scale,train/000242.png
images/000243.png,635:266,635266,leader_note,coordinate,train/000243.png
images/000244.png,388.9,3889,horizontal_dimension,one_decimal,train/000244.png
images/000245.png,14.88-09,148809,leader_note,tolerance_range,train/000245.png
images/000246.png,74.31-01,743101,leader_note,tolerance_range,train/000246.png
images/000247.png,125:739,125739,horizontal_dimension,coordinate,train/000247.png
images/000248.png,428:192,428192,leader_note,coordinate,train/000248.png
images/000249.png,57.11-02,571102,horizontal_dimension,tolerance_range,train/000249.png
images/000250.png,53-5750,535750,title_block,drawing_no,train/000250.png
images/000251.png,"6,056",6056,leader_note,mass,train/000251.png
images/000252.png,85-9115,859115,horizontal_dimension,drawing_no,train/000252.png
images/000253.png,784:515,784515,leader_note,coordinate,train/000253.png
images/000254.png,277.89,27789,horizontal_dimension,two_decimal,train/000254.png
images/000255.png,670.3,6703,leader_note,one_decimal,train/000255.png
images/000256.png,43.03-04,430304,horizontal_dimension,tolerance_range,train/000256.png
images/000257.png,238.77,23877,table_callout,two_decimal,train/000257.png
images/000258.png,1:1,11,leader_note,scale,train/000258.png
images/000259.png,2029/02/13,20290213,table_callout,date,train/000259.png
images/000260.png,5:5,55,title_block,scale,train/000260.png
images/000261.png,957,957,title_block,plain_mm,train/000261.png
images/000262.png,1:20,120,title_block,scale,train/000262.png
images/000263.png,360.64,36064,table_callout,two_decimal,train/000263.png
images/000264.png,81:739,81739,leader_note,coordinate,train/000264.png
images/000265.png,2027/04/06,20270406,leader_note,date,train/000265.png
images/000266.png,58-2255,582255,horizontal_dimension,drawing_no,train/000266.png
images/000267.png,352.05,35205,horizontal_dimension,two_decimal,train/000267.png
images/000268.png,89.90-02,899002,title_block,tolerance_range,train/000268.png
images/000269.png,13-6715,136715,leader_note,drawing_no,train/000269.png
images/000270.png,52-2224,522224,title_block,drawing_no,train/000270.png
images/000271.png,5:1,51,leader_note,scale,train/000271.png
images/000272.png,1/5,15,table_callout,sheet,train/000272.png
images/000273.png,785,785,horizontal_dimension,plain_mm,train/000273.png
images/000274.png,932.9,9329,leader_note,one_decimal,train/000274.png
images/000275.png,14-8390,148390,horizontal_dimension,drawing_no,train/000275.png
images/000276.png,41-8768,418768,title_block,drawing_no,train/000276.png
images/000277.png,82-2567,822567,title_block,drawing_no,train/000277.png
images/000278.png,1:10,110,title_block,scale,train/000278.png
images/000279.png,10:1,101,leader_note,scale,train/000279.png
images/000280.png,5:2,52,table_callout,scale,train/000280.png
images/000281.png,85-8963,858963,horizontal_dimension,drawing_no,train/000281.png
images/000282.png,113.50,11350,title_block,two_decimal,train/000282.png
images/000283.png,11,11,table_callout,plain_mm,train/000283.png
images/000284.png,2/6,26,title_block,sheet,train/000284.png
images/000285.png,2027/01/20,20270120,horizontal_dimension,date,train/000285.png
images/000286.png,67.60,6760,leader_note,two_decimal,train/000286.png
images/000287.png,53.34-04,533404,leader_note,tolerance_range,train/000287.png
images/000288.png,296.56,29656,table_callout,two_decimal,train/000288.png
images/000289.png,231.19,23119,leader_note,two_decimal,train/000289.png
images/000290.png,31.24,3124,title_block,two_decimal,train/000290.png
images/000291.png,43.42-04,434204,leader_note,tolerance_range,train/000291.png
images/000292.png,802.1,8021,horizontal_dimension,one_decimal,train/000292.png
images/000293.png,2031/05/01,20310501,leader_note,date,train/000293.png
images/000294.png,84.6,846,horizontal_dimension,one_decimal,train/000294.png
images/000295.png,2032/10/19,20321019,title_block,date,train/000295.png
images/000296.png,624:507,624507,horizontal_dimension,coordinate,train/000296.png
images/000297.png,185.28-09,1852809,title_block,tolerance_range,train/000297.png
images/000298.png,127:151,127151,title_block,coordinate,train/000298.png
images/000299.png,84-2115,842115,horizontal_dimension,drawing_no,train/000299.png
images/000300.png,3/4,34,title_block,sheet,train/000300.png
images/000301.png,584,584,table_callout,plain_mm,train/000301.png
images/000302.png,8/12,812,table_callout,sheet,train/000302.png
images/000303.png,1:1,11,title_block,scale,train/000303.png
images/000304.png,167.79-01,1677901,table_callout,tolerance_range,train/000304.png
images/000305.png,240.9,2409,horizontal_dimension,one_decimal,train/000305.png
images/000306.png,2026/07/14,20260714,table_callout,date,train/000306.png
images/000307.png,28.28-02,282802,leader_note,tolerance_range,train/000307.png
images/000308.png,3/11,311,horizontal_dimension,sheet,train/000308.png
images/000309.png,379.35,37935,leader_note,two_decimal,train/000309.png
images/000310.png,2031/09/19,20310919,table_callout,date,train/000310.png
images/000311.png,671,671,horizontal_dimension,plain_mm,train/000311.png
images/000312.png,"9,358",9358,table_callout,mass,train/000312.png
images/000313.png,2026/02/10,20260210,horizontal_dimension,date,train/000313.png
images/000314.png,6/8,68,table_callout,sheet,train/000314.png
images/000315.png,"16,632",16632,leader_note,mass,train/000315.png
images/000316.png,37.42-02,374202,horizontal_dimension,tolerance_range,train/000316.png
images/000317.png,496,496,table_callout,plain_mm,train/000317.png
images/000318.png,2027/01/20,20270120,horizontal_dimension,date,train/000318.png
images/000319.png,50-2648,502648,leader_note,drawing_no,train/000319.png
images/000320.png,33-2741,332741,title_block,drawing_no,train/000320.png
images/000321.png,2025/11/27,20251127,horizontal_dimension,date,train/000321.png
images/000322.png,197.33-03,1973303,leader_note,tolerance_range,train/000322.png
images/000323.png,"10,521",10521,horizontal_dimension,mass,train/000323.png
images/000324.png,"8,815",8815,title_block,mass,train/000324.png
images/000325.png,924:262,924262,table_callout,coordinate,train/000325.png
images/000326.png,2030/12/28,20301228,horizontal_dimension,date,train/000326.png
images/000327.png,2:10,210,title_block,scale,train/000327.png
images/000328.png,"23,088",23088,horizontal_dimension,mass,train/000328.png
images/000329.png,254:416,254416,table_callout,coordinate,train/000329.png
images/000330.png,2029/02/14,20290214,horizontal_dimension,date,train/000330.png
images/000331.png,25.3,253,title_block,one_decimal,train/000331.png
images/000332.png,873:624,873624,horizontal_dimension,coordinate,train/000332.png
images/000333.png,218,218,horizontal_dimension,plain_mm,train/000333.png
images/000334.png,1:10,110,leader_note,scale,train/000334.png
images/000335.png,184.08-07,1840807,title_block,tolerance_range,train/000335.png
images/000336.png,2/7,27,title_block,sheet,train/000336.png
images/000337.png,4/2,42,table_callout,sheet,train/000337.png
images/000338.png,520:115,520115,table_callout,coordinate,train/000338.png
images/000339.png,945.6,9456,leader_note,one_decimal,train/000339.png
images/000340.png,2029/10/09,20291009,title_block,date,train/000340.png
images/000341.png,122.01-08,1220108,table_callout,tolerance_range,train/000341.png
images/000342.png,822,822,title_block,plain_mm,train/000342.png
images/000343.png,12:501,12501,leader_note,coordinate,train/000343.png
images/000344.png,5/4,54,leader_note,sheet,train/000344.png
images/000345.png,2025/05/28,20250528,title_block,date,train/000345.png
images/000346.png,77.96-03,779603,table_callout,tolerance_range,train/000346.png
images/000347.png,83-9674,839674,horizontal_dimension,drawing_no,train/000347.png
images/000348.png,183.27-09,1832709,leader_note,tolerance_range,train/000348.png
images/000349.png,767.1,7671,table_callout,one_decimal,train/000349.png
images/000350.png,709.5,7095,leader_note,one_decimal,train/000350.png
images/000351.png,5:2,52,leader_note,scale,train/000351.png
images/000352.png,410,410,title_block,plain_mm,train/000352.png
images/000353.png,168:853,168853,table_callout,coordinate,train/000353.png
images/000354.png,5:1,51,leader_note,scale,train/000354.png
images/000355.png,187.27-09,1872709,table_callout,tolerance_range,train/000355.png
images/000356.png,112.96-06,1129606,horizontal_dimension,tolerance_range,train/000356.png
images/000357.png,6/8,68,leader_note,sheet,train/000357.png
images/000358.png,7/12,712,horizontal_dimension,sheet,train/000358.png
images/000359.png,22-4962,224962,horizontal_dimension,drawing_no,train/000359.png
images/000360.png,5:1,51,table_callout,scale,train/000360.png
images/000361.png,785.2,7852,table_callout,one_decimal,train/000361.png
images/000362.png,595.9,5959,horizontal_dimension,one_decimal,train/000362.png
images/000363.png,2026/06/25,20260625,table_callout,date,train/000363.png
images/000364.png,2030/05/15,20300515,table_callout,date,train/000364.png
images/000365.png,2030/06/17,20300617,table_callout,date,train/000365.png
images/000366.png,932,932,title_block,plain_mm,train/000366.png
images/000367.png,"88,942",88942,title_block,mass,train/000367.png
images/000368.png,"21,444",21444,leader_note,mass,train/000368.png
images/000369.png,2030/07/24,20300724,title_block,date,train/000369.png
images/000370.png,279.8,2798,leader_note,one_decimal,train/000370.png
images/000371.png,2024/04/13,20240413,title_block,date,train/000371.png
images/000372.png,2:2,22,table_callout,scale,train/000372.png
images/000373.png,8/8,88,title_block,sheet,train/000373.png
images/000374.png,33.5,335,title_block,one_decimal,train/000374.png
images/000375.png,26-2593,262593,horizontal_dimension,drawing_no,train/000375.png
images/000376.png,554,554,table_callout,plain_mm,train/000376.png
images/000377.png,300.48,30048,table_callout,two_decimal,train/000377.png
images/000378.png,317,317,title_block,plain_mm,train/000378.png
images/000379.png,83-4498,834498,table_callout,drawing_no,train/000379.png
images/000380.png,17-1565,171565,table_callout,drawing_no,train/000380.png
images/000381.png,559,559,horizontal_dimension,plain_mm,train/000381.png
images/000382.png,2024/12/12,20241212,horizontal_dimension,date,train/000382.png
images/000383.png,13.28-05,132805,title_block,tolerance_range,train/000383.png
images/000384.png,"83,699",83699,title_block,mass,train/000384.png
images/000385.png,304.4,3044,leader_note,one_decimal,train/000385.png
images/000386.png,"96,981",96981,title_block,mass,train/000386.png
images/000387.png,360:565,360565,horizontal_dimension,coordinate,train/000387.png
images/000388.png,653.5,6535,horizontal_dimension,one_decimal,train/000388.png
images/000389.png,68-1880,681880,horizontal_dimension,drawing_no,train/000389.png
images/000390.png,7/11,711,leader_note,sheet,train/000390.png
images/000391.png,2032/02/28,20320228,table_callout,date,train/000391.png
images/000392.png,117.46-04,1174604,leader_note,tolerance_range,train/000392.png
images/000393.png,2032/06/04,20320604,table_callout,date,train/000393.png
images/000394.png,8.61-08,86108,title_block,tolerance_range,train/000394.png
images/000395.png,6/6,66,title_block,sheet,train/000395.png
images/000396.png,2027/10/08,20271008,table_callout,date,train/000396.png
images/000397.png,580,580,table_callout,plain_mm,train/000397.png
images/000398.png,2025/10/24,20251024,title_block,date,train/000398.png
images/000399.png,"39,440",39440,title_block,mass,train/000399.png
images/000400.png,292.5,2925,table_callout,one_decimal,train/000400.png
images/000401.png,697,697,leader_note,plain_mm,train/000401.png
images/000402.png,767:719,767719,leader_note,coordinate,train/000402.png
images/000403.png,5/2,52,table_callout,sheet,train/000403.png
images/000404.png,6/2,62,leader_note,sheet,train/000404.png
images/000405.png,305.19,30519,table_callout,two_decimal,train/000405.png
images/000406.png,6/3,63,leader_note,sheet,train/000406.png
images/000407.png,"58,279",58279,leader_note,mass,train/000407.png
images/000408.png,"12,510",12510,table_callout,mass,train/000408.png
images/000409.png,248:804,248804,leader_note,coordinate,train/000409.png
images/000410.png,956,956,table_callout,plain_mm,train/000410.png
images/000411.png,760:803,760803,title_block,coordinate,train/000411.png
images/000412.png,"62,505",62505,leader_note,mass,train/000412.png
images/000413.png,320.83,32083,table_callout,two_decimal,train/000413.png
images/000414.png,2:10,210,horizontal_dimension,scale,train/000414.png
images/000415.png,25.9,259,title_block,one_decimal,train/000415.png
images/000416.png,2030/05/08,20300508,title_block,date,train/000416.png
images/000417.png,79.50-01,795001,table_callout,tolerance_range,train/000417.png
images/000418.png,17-1492,171492,title_block,drawing_no,train/000418.png
images/000419.png,589,589,table_callout,plain_mm,train/000419.png
images/000420.png,6/2,62,title_block,sheet,train/000420.png
images/000421.png,906,906,horizontal_dimension,plain_mm,train/000421.png
images/000422.png,5:1,51,horizontal_dimension,scale,train/000422.png
images/000423.png,2028/12/03,20281203,table_callout,date,train/000423.png
images/000424.png,813.0,8130,leader_note,one_decimal,train/000424.png
images/000425.png,473:244,473244,title_block,coordinate,train/000425.png
images/000426.png,2028/07/23,20280723,table_callout,date,train/000426.png
images/000427.png,293,293,title_block,plain_mm,train/000427.png
images/000428.png,741,741,horizontal_dimension,plain_mm,train/000428.png
images/000429.png,925.1,9251,title_block,one_decimal,train/000429.png
images/000430.png,709,709,horizontal_dimension,plain_mm,train/000430.png
images/000431.png,10:5,105,horizontal_dimension,scale,train/000431.png
images/000432.png,2:50,250,title_block,scale,train/000432.png
images/000433.png,393:500,393500,leader_note,coordinate,train/000433.png
images/000434.png,5:20,520,table_callout,scale,train/000434.png
images/000435.png,316.71,31671,title_block,two_decimal,train/000435.png
images/000436.png,5:5,55,horizontal_dimension,scale,train/000436.png
images/000437.png,59-7932,597932,horizontal_dimension,drawing_no,train/000437.png
images/000438.png,167.43-04,1674304,table_callout,tolerance_range,train/000438.png
images/000439.png,127.85-06,1278506,table_callout,tolerance_range,train/000439.png
images/000440.png,85-7320,857320,horizontal_dimension,drawing_no,train/000440.png
images/000441.png,2:2,22,horizontal_dimension,scale,train/000441.png
images/000442.png,96.30-09,963009,title_block,tolerance_range,train/000442.png
images/000443.png,"84,961",84961,horizontal_dimension,mass,train/000443.png
images/000444.png,"4,934",4934,table_callout,mass,train/000444.png
images/000445.png,1/4,14,horizontal_dimension,sheet,train/000445.png
images/000446.png,6/10,610,title_block,sheet,train/000446.png
images/000447.png,50-6286,506286,horizontal_dimension,drawing_no,train/000447.png
images/000448.png,373.39,37339,table_callout,two_decimal,train/000448.png
images/000449.png,992.3,9923,leader_note,one_decimal,train/000449.png
images/000450.png,59-5702,595702,horizontal_dimension,drawing_no,train/000450.png
images/000451.png,402.7,4027,leader_note,one_decimal,train/000451.png
images/000452.png,774.2,7742,leader_note,one_decimal,train/000452.png
images/000453.png,101.22-07,1012207,horizontal_dimension,tolerance_range,train/000453.png
images/000454.png,2:10,210,title_block,scale,train/000454.png
images/000455.png,15-6373,156373,horizontal_dimension,drawing_no,train/000455.png
images/000456.png,2/3,23,leader_note,sheet,train/000456.png
images/000457.png,277.51,27751,title_block,two_decimal,train/000457.png
images/000458.png,318.9,3189,horizontal_dimension,one_decimal,train/000458.png
images/000459.png,1:10,110,title_block,scale,train/000459.png
images/000460.png,227,227,leader_note,plain_mm,train/000460.png
images/000461.png,626.7,6267,title_block,one_decimal,train/000461.png
images/000462.png,187,187,title_block,plain_mm,train/000462.png
images/000463.png,880.0,8800,title_block,one_decimal,train/000463.png
images/000464.png,1:10,110,horizontal_dimension,scale,train/000464.png
images/000465.png,4/6,46,title_block,sheet,train/000465.png
images/000466.png,788:707,788707,title_block,coordinate,train/000466.png
images/000467.png,123.94-09,1239409,table_callout,tolerance_range,train/000467.png
images/000468.png,541:635,541635,title_block,coordinate,train/000468.png
images/000469.png,2:50,250,title_block,scale,train/000469.png
images/000470.png,7/2,72,horizontal_dimension,sheet,train/000470.png
images/000471.png,537:899,537899,horizontal_dimension,coordinate,train/000471.png
images/000472.png,"6,167",6167,leader_note,mass,train/000472.png
images/000473.png,9/7,97,table_callout,sheet,train/000473.png
images/000474.png,5:10,510,horizontal_dimension,scale,train/000474.png
images/000475.png,356,356,title_block,plain_mm,train/000475.png
images/000476.png,"27,751",27751,horizontal_dimension,mass,train/000476.png
images/000477.png,918.8,9188,title_block,one_decimal,train/000477.png
images/000478.png,121:667,121667,horizontal_dimension,coordinate,train/000478.png
images/000479.png,23.43-04,234304,table_callout,tolerance_range,train/000479.png
images/000480.png,123,123,title_block,plain_mm,train/000480.png
images/000481.png,260.58,26058,title_block,two_decimal,train/000481.png
images/000482.png,395:316,395316,horizontal_dimension,coordinate,train/000482.png
images/000483.png,1/10,110,title_block,sheet,train/000483.png
images/000484.png,2:5,25,table_callout,scale,train/000484.png
images/000485.png,38.31,3831,horizontal_dimension,two_decimal,train/000485.png
images/000486.png,334.46,33446,horizontal_dimension,two_decimal,train/000486.png
images/000487.png,910.6,9106,leader_note,one_decimal,train/000487.png
images/000488.png,10:1,101,table_callout,scale,train/000488.png
images/000489.png,447:861,447861,title_block,coordinate,train/000489.png
images/000490.png,562:932,562932,title_block,coordinate,train/000490.png
images/000491.png,995,995,title_block,plain_mm,train/000491.png
images/000492.png,48.08-04,480804,table_callout,tolerance_range,train/000492.png
images/000493.png,2026/09/02,20260902,table_callout,date,train/000493.png
images/000494.png,84.41,8441,leader_note,two_decimal,train/000494.png
images/000495.png,28.3,283,horizontal_dimension,one_decimal,train/000495.png
images/000496.png,77-6131,776131,horizontal_dimension,drawing_no,train/000496.png
images/000497.png,98-2201,982201,title_block,drawing_no,train/000497.png
images/000498.png,14.51,1451,title_block,two_decimal,train/000498.png
images/000499.png,2:20,220,table_callout,scale,train/000499.png
images/000500.png,62.5,625,title_block,one_decimal,train/000500.png
images/000501.png,165.67,16567,horizontal_dimension,two_decimal,train/000501.png
images/000502.png,6/10,610,horizontal_dimension,sheet,train/000502.png
images/000503.png,113:348,113348,title_block,coordinate,train/000503.png
images/000504.png,176:358,176358,table_callout,coordinate,train/000504.png
images/000505.png,2027/05/06,20270506,horizontal_dimension,date,train/000505.png
images/000506.png,517.2,5172,title_block,one_decimal,train/000506.png
images/000507.png,870,870,table_callout,plain_mm,train/000507.png
images/000508.png,7/9,79,horizontal_dimension,sheet,train/000508.png
images/000509.png,11-5535,115535,table_callout,drawing_no,train/000509.png
images/000510.png,719.9,7199,leader_note,one_decimal,train/000510.png
images/000511.png,1:1,11,table_callout,scale,train/000511.png
images/000512.png,74-7151,747151,table_callout,drawing_no,train/000512.png
images/000513.png,389.6,3896,horizontal_dimension,one_decimal,train/000513.png
images/000514.png,12,12,leader_note,plain_mm,train/000514.png
images/000515.png,"99,226",99226,table_callout,mass,train/000515.png
images/000516.png,"35,024",35024,horizontal_dimension,mass,train/000516.png
images/000517.png,123.55-04,1235504,title_block,tolerance_range,train/000517.png
images/000518.png,"97,012",97012,horizontal_dimension,mass,train/000518.png
images/000519.png,10:1,101,leader_note,scale,train/000519.png
images/000520.png,652,652,title_block,plain_mm,train/000520.png
images/000521.png,"78,518",78518,table_callout,mass,train/000521.png
images/000522.png,274:707,274707,horizontal_dimension,coordinate,train/000522.png
images/000523.png,2:1,21,table_callout,scale,train/000523.png
images/000524.png,3/2,32,leader_note,sheet,train/000524.png
images/000525.png,"50,209",50209,horizontal_dimension,mass,train/000525.png
images/000526.png,87:375,87375,horizontal_dimension,coordinate,train/000526.png
images/000527.png,14-2474,142474,horizontal_dimension,drawing_no,train/000527.png
images/000528.png,1:50,150,title_block,scale,train/000528.png
images/000529.png,2024/12/04,20241204,leader_note,date,train/000529.png
images/000530.png,"91,289",91289,leader_note,mass,train/000530.png
images/000531.png,7/4,74,title_block,sheet,train/000531.png
images/000532.png,858,858,title_block,plain_mm,train/000532.png
images/000533.png,335.05,33505,table_callout,two_decimal,train/000533.png
images/000534.png,10:2,102,title_block,scale,train/000534.png
images/000535.png,2025/09/07,20250907,table_callout,date,train/000535.png
images/000536.png,124.92-08,1249208,leader_note,tolerance_range,train/000536.png
images/000537.png,2/2,22,horizontal_dimension,sheet,train/000537.png
images/000538.png,713:214,713214,leader_note,coordinate,train/000538.png
images/000539.png,216.00,21600,title_block,two_decimal,train/000539.png
images/000540.png,4/6,46,horizontal_dimension,sheet,train/000540.png
images/000541.png,777:866,777866,title_block,coordinate,train/000541.png
images/000542.png,176.42-07,1764207,title_block,tolerance_range,train/000542.png
images/000543.png,2:20,220,title_block,scale,train/000543.png
images/000544.png,2024/05/26,20240526,horizontal_dimension,date,train/000544.png
images/000545.png,86-7672,867672,title_block,drawing_no,train/000545.png
images/000546.png,60-1275,601275,title_block,drawing_no,train/000546.png
images/000547.png,55-4089,554089,horizontal_dimension,drawing_no,train/000547.png
images/000548.png,172.21,17221,horizontal_dimension,two_decimal,train/000548.png
images/000549.png,680:27,68027,table_callout,coordinate,train/000549.png
images/000550.png,941,941,leader_note,plain_mm,train/000550.png
images/000551.png,"38,654",38654,leader_note,mass,train/000551.png
images/000552.png,7/11,711,leader_note,sheet,train/000552.png
images/000553.png,701,701,title_block,plain_mm,train/000553.png
images/000554.png,200.91,20091,table_callout,two_decimal,train/000554.png
images/000555.png,8/9,89,leader_note,sheet,train/000555.png
images/000556.png,6/7,67,title_block,sheet,train/000556.png
images/000557.png,87,87,title_block,plain_mm,train/000557.png
images/000558.png,4/4,44,table_callout,sheet,train/000558.png
images/000559.png,33.1,331,table_callout,one_decimal,train/000559.png
images/000560.png,2031/06/10,20310610,table_callout,date,train/000560.png
images/000561.png,2024/06/23,20240623,title_block,date,train/000561.png
images/000562.png,5:20,520,title_block,scale,train/000562.png
images/000563.png,2030/05/01,20300501,title_block,date,train/000563.png
images/000564.png,82.86-07,828607,horizontal_dimension,tolerance_range,train/000564.png
images/000565.png,359.6,3596,table_callout,one_decimal,train/000565.png
images/000566.png,43:577,43577,leader_note,coordinate,train/000566.png
images/000567.png,5:5,55,horizontal_dimension,scale,train/000567.png
images/000568.png,362,362,table_callout,plain_mm,train/000568.png
images/000569.png,221.69,22169,leader_note,two_decimal,train/000569.png
images/000570.png,10-6567,106567,title_block,drawing_no,train/000570.png
images/000571.png,89.4,894,title_block,one_decimal,train/000571.png
images/000572.png,336.7,3367,leader_note,one_decimal,train/000572.png
images/000573.png,236,236,table_callout,plain_mm,train/000573.png
images/000574.png,"65,186",65186,title_block,mass,train/000574.png
images/000575.png,147,147,leader_note,plain_mm,train/000575.png
images/000576.png,"79,841",79841,title_block,mass,train/000576.png
images/000577.png,21-6781,216781,table_callout,drawing_no,train/000577.png
images/000578.png,3/12,312,title_block,sheet,train/000578.png
images/000579.png,1/11,111,horizontal_dimension,sheet,train/000579.png
images/000580.png,198:923,198923,leader_note,coordinate,train/000580.png
images/000581.png,10-8624,108624,horizontal_dimension,drawing_no,train/000581.png
images/000582.png,5:2,52,leader_note,scale,train/000582.png
images/000583.png,1:20,120,title_block,scale,train/000583.png
images/000584.png,626:617,626617,horizontal_dimension,coordinate,train/000584.png
images/000585.png,187:551,187551,horizontal_dimension,coordinate,train/000585.png
images/000586.png,270:67,27067,table_callout,coordinate,train/000586.png
images/000587.png,76-6520,766520,table_callout,drawing_no,train/000587.png
images/000588.png,4/5,45,horizontal_dimension,sheet,train/000588.png
images/000589.png,"73,650",73650,leader_note,mass,train/000589.png
images/000590.png,128.86-05,1288605,horizontal_dimension,tolerance_range,train/000590.png
images/000591.png,736:432,736432,table_callout,coordinate,train/000591.png
images/000592.png,580.0,5800,leader_note,one_decimal,train/000592.png
images/000593.png,38.85-07,388507,title_block,tolerance_range,train/000593.png
images/000594.png,718,718,horizontal_dimension,plain_mm,train/000594.png
images/000595.png,25.69,2569,horizontal_dimension,two_decimal,train/000595.png
images/000596.png,2028/05/23,20280523,table_callout,date,train/000596.png
images/000597.png,2:10,210,horizontal_dimension,scale,train/000597.png
images/000598.png,"28,471",28471,table_callout,mass,train/000598.png
images/000599.png,135.32-01,1353201,title_block,tolerance_range,train/000599.png
images/000600.png,"53,838",53838,title_block,mass,train/000600.png
images/000601.png,346.64,34664,title_block,two_decimal,train/000601.png
images/000602.png,27.43-06,274306,table_callout,tolerance_range,train/000602.png
images/000603.png,"19,509",19509,table_callout,mass,train/000603.png
images/000604.png,18.48-09,184809,table_callout,tolerance_range,train/000604.png
images/000605.png,"35,305",35305,leader_note,mass,train/000605.png
images/000606.png,484:17,48417,table_callout,coordinate,train/000606.png
images/000607.png,89,89,table_callout,plain_mm,train/000607.png
images/000608.png,1:1,11,title_block,scale,train/000608.png
images/000609.png,10:5,105,horizontal_dimension,scale,train/000609.png
images/000610.png,337.3,3373,table_callout,one_decimal,train/000610.png
images/000611.png,245.42,24542,table_callout,two_decimal,train/000611.png
images/000612.png,2/7,27,horizontal_dimension,sheet,train/000612.png
images/000613.png,725.0,7250,table_callout,one_decimal,train/000613.png
images/000614.png,337.46,33746,horizontal_dimension,two_decimal,train/000614.png
images/000615.png,470:758,470758,title_block,coordinate,train/000615.png
images/000616.png,146.19,14619,horizontal_dimension,two_decimal,train/000616.png
images/000617.png,498,498,table_callout,plain_mm,train/000617.png
images/000618.png,98-4228,984228,horizontal_dimension,drawing_no,train/000618.png
images/000619.png,233.47,23347,title_block,two_decimal,train/000619.png
images/000620.png,84-3063,843063,leader_note,drawing_no,train/000620.png
images/000621.png,2027/05/20,20270520,title_block,date,train/000621.png
images/000622.png,"70,450",70450,title_block,mass,train/000622.png
images/000623.png,132.19-06,1321906,horizontal_dimension,tolerance_range,train/000623.png
images/000624.png,147.76,14776,title_block,two_decimal,train/000624.png
images/000625.png,48.8,488,horizontal_dimension,one_decimal,train/000625.png
images/000626.png,795.5,7955,table_callout,one_decimal,train/000626.png
images/000627.png,694.8,6948,title_block,one_decimal,train/000627.png
images/000628.png,"72,836",72836,title_block,mass,train/000628.png
images/000629.png,2032/07/12,20320712,horizontal_dimension,date,train/000629.png
images/000630.png,358,358,table_callout,plain_mm,train/000630.png
images/000631.png,54.3,543,title_block,one_decimal,train/000631.png
images/000632.png,75-5479,755479,table_callout,drawing_no,train/000632.png
images/000633.png,44-9456,449456,horizontal_dimension,drawing_no,train/000633.png
images/000634.png,74,74,title_block,plain_mm,train/000634.png
images/000635.png,243,243,table_callout,plain_mm,train/000635.png
images/000636.png,"79,553",79553,horizontal_dimension,mass,train/000636.png
images/000637.png,3.50-03,35003,leader_note,tolerance_range,train/000637.png
images/000638.png,"57,679",57679,table_callout,mass,train/000638.png
images/000639.png,34.9,349,horizontal_dimension,one_decimal,train/000639.png
images/000640.png,7/7,77,horizontal_dimension,sheet,train/000640.png
images/000641.png,107.32-09,1073209,table_callout,tolerance_range,train/000641.png
images/000642.png,43.08-03,430803,leader_note,tolerance_range,train/000642.png
images/000643.png,30-8116,308116,leader_note,drawing_no,train/000643.png
images/000644.png,"60,243",60243,title_block,mass,train/000644.png
images/000645.png,1:10,110,leader_note,scale,train/000645.png
images/000646.png,"54,755",54755,table_callout,mass,train/000646.png
images/000647.png,29.51-02,295102,table_callout,tolerance_range,train/000647.png
images/000648.png,1:10,110,table_callout,scale,train/000648.png
images/000649.png,433.2,4332,table_callout,one_decimal,train/000649.png
images/000650.png,10:5,105,horizontal_dimension,scale,train/000650.png
images/000651.png,4/3,43,leader_note,sheet,train/000651.png
images/000652.png,743,743,title_block,plain_mm,train/000652.png
images/000653.png,23.42-02,234202,horizontal_dimension,tolerance_range,train/000653.png
images/000654.png,93.27-01,932701,title_block,tolerance_range,train/000654.png
images/000655.png,339.4,3394,title_block,one_decimal,train/000655.png
images/000656.png,359.64,35964,table_callout,two_decimal,train/000656.png
images/000657.png,256:543,256543,title_block,coordinate,train/000657.png
images/000658.png,240:472,240472,leader_note,coordinate,train/000658.png
images/000659.png,"35,663",35663,title_block,mass,train/000659.png
images/000660.png,996.4,9964,horizontal_dimension,one_decimal,train/000660.png
images/000661.png,2:50,250,horizontal_dimension,scale,train/000661.png
images/000662.png,194.27,19427,horizontal_dimension,two_decimal,train/000662.png
images/000663.png,642.4,6424,table_callout,one_decimal,train/000663.png
images/000664.png,"51,001",51001,leader_note,mass,train/000664.png
images/000665.png,152.64-08,1526408,table_callout,tolerance_range,train/000665.png
images/000666.png,667:569,667569,table_callout,coordinate,train/000666.png
images/000667.png,993,993,table_callout,plain_mm,train/000667.png
images/000668.png,69:5,695,horizontal_dimension,coordinate,train/000668.png
images/000669.png,2/10,210,leader_note,sheet,train/000669.png
images/000670.png,68,68,title_block,plain_mm,train/000670.png
images/000671.png,645.6,6456,table_callout,one_decimal,train/000671.png
images/000672.png,308,308,horizontal_dimension,plain_mm,train/000672.png
images/000673.png,1:5,15,horizontal_dimension,scale,train/000673.png
images/000674.png,137:115,137115,table_callout,coordinate,train/000674.png
images/000675.png,30-2826,302826,leader_note,drawing_no,train/000675.png
images/000676.png,792:630,792630,leader_note,coordinate,train/000676.png
images/000677.png,231.1,2311,horizontal_dimension,one_decimal,train/000677.png
images/000678.png,1/2,12,table_callout,sheet,train/000678.png
images/000679.png,19-6070,196070,table_callout,drawing_no,train/000679.png
images/000680.png,"47,305",47305,leader_note,mass,train/000680.png
images/000681.png,795:95,79595,leader_note,coordinate,train/000681.png
images/000682.png,382.76,38276,table_callout,two_decimal,train/000682.png
images/000683.png,248:823,248823,leader_note,coordinate,train/000683.png
images/000684.png,181.96,18196,leader_note,two_decimal,train/000684.png
images/000685.png,7/5,75,title_block,sheet,train/000685.png
images/000686.png,316,316,table_callout,plain_mm,train/000686.png
images/000687.png,418.0,4180,horizontal_dimension,one_decimal,train/000687.png
images/000688.png,155.70-06,1557006,leader_note,tolerance_range,train/000688.png
images/000689.png,850.8,8508,title_block,one_decimal,train/000689.png
images/000690.png,2027/09/18,20270918,horizontal_dimension,date,train/000690.png
images/000691.png,66:269,66269,title_block,coordinate,train/000691.png
images/000692.png,614:502,614502,title_block,coordinate,train/000692.png
images/000693.png,860:62,86062,title_block,coordinate,train/000693.png
images/000694.png,2:5,25,leader_note,scale,train/000694.png
images/000695.png,"95,026",95026,title_block,mass,train/000695.png
images/000696.png,10:2,102,table_callout,scale,train/000696.png
images/000697.png,2029/06/16,20290616,horizontal_dimension,date,train/000697.png
images/000698.png,133.34-06,1333406,table_callout,tolerance_range,train/000698.png
images/000699.png,"26,237",26237,table_callout,mass,train/000699.png
images/000700.png,790,790,leader_note,plain_mm,train/000700.png
images/000701.png,8/12,812,table_callout,sheet,train/000701.png
images/000702.png,2031/02/19,20310219,horizontal_dimension,date,train/000702.png
images/000703.png,25.29-06,252906,leader_note,tolerance_range,train/000703.png
images/000704.png,1/9,19,table_callout,sheet,train/000704.png
images/000705.png,8/10,810,title_block,sheet,train/000705.png
images/000706.png,"30,920",30920,horizontal_dimension,mass,train/000706.png
images/000707.png,2024/05/08,20240508,title_block,date,train/000707.png
images/000708.png,500.2,5002,horizontal_dimension,one_decimal,train/000708.png
images/000709.png,5:20,520,leader_note,scale,train/000709.png
images/000710.png,806.5,8065,title_block,one_decimal,train/000710.png
images/000711.png,"10,641",10641,title_block,mass,train/000711.png
images/000712.png,72-4772,724772,leader_note,drawing_no,train/000712.png
images/000713.png,5:2,52,title_block,scale,train/000713.png
images/000714.png,37-2648,372648,table_callout,drawing_no,train/000714.png
images/000715.png,2030/07/04,20300704,leader_note,date,train/000715.png
images/000716.png,775:462,775462,leader_note,coordinate,train/000716.png
images/000717.png,713,713,horizontal_dimension,plain_mm,train/000717.png
images/000718.png,27-5549,275549,title_block,drawing_no,train/000718.png
images/000719.png,777:862,777862,leader_note,coordinate,train/000719.png
images/000720.png,2026/02/01,20260201,leader_note,date,train/000720.png
images/000721.png,154.62-02,1546202,horizontal_dimension,tolerance_range,train/000721.png
images/000722.png,105,105,horizontal_dimension,plain_mm,train/000722.png
images/000723.png,41-2660,412660,horizontal_dimension,drawing_no,train/000723.png
images/000724.png,860:671,860671,horizontal_dimension,coordinate,train/000724.png
images/000725.png,186:112,186112,horizontal_dimension,coordinate,train/000725.png
images/000726.png,2031/07/13,20310713,table_callout,date,train/000726.png
images/000727.png,170.2,1702,leader_note,one_decimal,train/000727.png
images/000728.png,778:533,778533,horizontal_dimension,coordinate,train/000728.png
images/000729.png,1:10,110,title_block,scale,train/000729.png
images/000730.png,106,106,horizontal_dimension,plain_mm,train/000730.png
images/000731.png,818:464,818464,table_callout,coordinate,train/000731.png
images/000732.png,94.85,9485,table_callout,two_decimal,train/000732.png
images/000733.png,35-6207,356207,leader_note,drawing_no,train/000733.png
images/000734.png,690,690,leader_note,plain_mm,train/000734.png
images/000735.png,14-4474,144474,leader_note,drawing_no,train/000735.png
images/000736.png,172.85,17285,horizontal_dimension,two_decimal,train/000736.png
images/000737.png,28.26-08,282608,horizontal_dimension,tolerance_range,train/000737.png
images/000738.png,942,942,title_block,plain_mm,train/000738.png
images/000739.png,113.94-05,1139405,leader_note,tolerance_range,train/000739.png
images/000740.png,22-1340,221340,horizontal_dimension,drawing_no,train/000740.png
images/000741.png,524.5,5245,leader_note,one_decimal,train/000741.png
images/000742.png,1:1,11,leader_note,scale,train/000742.png
images/000743.png,81-4586,814586,title_block,drawing_no,train/000743.png
images/000744.png,142,142,table_callout,plain_mm,train/000744.png
images/000745.png,191.69,19169,table_callout,two_decimal,train/000745.png
images/000746.png,290,290,title_block,plain_mm,train/000746.png
images/000747.png,620:624,620624,leader_note,coordinate,train/000747.png
images/000748.png,334.58,33458,leader_note,two_decimal,train/000748.png
images/000749.png,23.6,236,title_block,one_decimal,train/000749.png
images/000750.png,465:723,465723,leader_note,coordinate,train/000750.png
images/000751.png,2:5,25,title_block,scale,train/000751.png
images/000752.png,412:192,412192,title_block,coordinate,train/000752.png
images/000753.png,700:89,70089,horizontal_dimension,coordinate,train/000753.png
images/000754.png,5:1,51,title_block,scale,train/000754.png
images/000755.png,298.86,29886,title_block,two_decimal,train/000755.png
images/000756.png,"64,967",64967,horizontal_dimension,mass,train/000756.png
images/000757.png,3/10,310,title_block,sheet,train/000757.png
images/000758.png,356.7,3567,title_block,one_decimal,train/000758.png
images/000759.png,30-2329,302329,horizontal_dimension,drawing_no,train/000759.png
images/000760.png,"4,582",4582,leader_note,mass,train/000760.png
images/000761.png,"26,209",26209,horizontal_dimension,mass,train/000761.png
images/000762.png,425.8,4258,horizontal_dimension,one_decimal,train/000762.png
images/000763.png,"10,381",10381,title_block,mass,train/000763.png
images/000764.png,116.79,11679,table_callout,two_decimal,train/000764.png
images/000765.png,87.59,8759,table_callout,two_decimal,train/000765.png
images/000766.png,861,861,horizontal_dimension,plain_mm,train/000766.png
images/000767.png,2024/09/15,20240915,leader_note,date,train/000767.png
images/000768.png,284,284,horizontal_dimension,plain_mm,train/000768.png
images/000769.png,2026/09/05,20260905,horizontal_dimension,date,train/000769.png
images/000770.png,388:643,388643,table_callout,coordinate,train/000770.png
images/000771.png,594.1,5941,title_block,one_decimal,train/000771.png
images/000772.png,1:5,15,title_block,scale,train/000772.png
images/000773.png,2030/05/22,20300522,horizontal_dimension,date,train/000773.png
images/000774.png,45,45,table_callout,plain_mm,train/000774.png
images/000775.png,5:20,520,title_block,scale,train/000775.png
images/000776.png,25-1539,251539,horizontal_dimension,drawing_no,train/000776.png
images/000777.png,852,852,horizontal_dimension,plain_mm,train/000777.png
images/000778.png,351.9,3519,horizontal_dimension,one_decimal,train/000778.png
images/000779.png,142.72,14272,table_callout,two_decimal,train/000779.png
images/000780.png,57.21-06,572106,leader_note,tolerance_range,train/000780.png
images/000781.png,8/2,82,table_callout,sheet,train/000781.png
images/000782.png,36-1054,361054,table_callout,drawing_no,train/000782.png
images/000783.png,206.6,2066,title_block,one_decimal,train/000783.png
images/000784.png,324:120,324120,table_callout,coordinate,train/000784.png
images/000785.png,4/6,46,leader_note,sheet,train/000785.png
images/000786.png,"98,474",98474,horizontal_dimension,mass,train/000786.png
images/000787.png,2029/10/20,20291020,title_block,date,train/000787.png
images/000788.png,5:1,51,horizontal_dimension,scale,train/000788.png
images/000789.png,14-3512,143512,leader_note,drawing_no,train/000789.png
images/000790.png,573.8,5738,horizontal_dimension,one_decimal,train/000790.png
images/000791.png,2026/05/10,20260510,table_callout,date,train/000791.png
images/000792.png,"69,425",69425,leader_note,mass,train/000792.png
images/000793.png,70-5228,705228,leader_note,drawing_no,train/000793.png
images/000794.png,795,795,title_block,plain_mm,train/000794.png
images/000795.png,225.53,22553,horizontal_dimension,two_decimal,train/000795.png
images/000796.png,4/11,411,leader_note,sheet,train/000796.png
images/000797.png,1/11,111,table_callout,sheet,train/000797.png
images/000798.png,374.56,37456,title_block,two_decimal,train/000798.png
images/000799.png,906.9,9069,title_block,one_decimal,train/000799.png
images/000800.png,2027/11/21,20271121,table_callout,date,train/000800.png
images/000801.png,833,833,leader_note,plain_mm,train/000801.png
images/000802.png,18-3986,183986,horizontal_dimension,drawing_no,train/000802.png
images/000803.png,394.7,3947,leader_note,one_decimal,train/000803.png
images/000804.png,762,762,leader_note,plain_mm,train/000804.png
images/000805.png,168:862,168862,horizontal_dimension,coordinate,train/000805.png
images/000806.png,879.5,8795,leader_note,one_decimal,train/000806.png
images/000807.png,352:749,352749,horizontal_dimension,coordinate,train/000807.png
images/000808.png,2:2,22,leader_note,scale,train/000808.png
images/000809.png,1:20,120,table_callout,scale,train/000809.png
images/000810.png,114.89-09,1148909,horizontal_dimension,tolerance_range,train/000810.png
images/000811.png,691,691,title_block,plain_mm,train/000811.png
images/000812.png,222.0,2220,table_callout,one_decimal,train/000812.png
images/000813.png,72-3445,723445,horizontal_dimension,drawing_no,train/000813.png
images/000814.png,"41,995",41995,leader_note,mass,train/000814.png
images/000815.png,"57,817",57817,title_block,mass,train/000815.png
images/000816.png,464,464,horizontal_dimension,plain_mm,train/000816.png
images/000817.png,750.1,7501,leader_note,one_decimal,train/000817.png
images/000818.png,1:50,150,table_callout,scale,train/000818.png
images/000819.png,"17,446",17446,horizontal_dimension,mass,train/000819.png
images/000820.png,82-9592,829592,table_callout,drawing_no,train/000820.png
images/000821.png,384,384,horizontal_dimension,plain_mm,train/000821.png
images/000822.png,2032/12/19,20321219,title_block,date,train/000822.png
images/000823.png,17.13-07,171307,leader_note,tolerance_range,train/000823.png
images/000824.png,378,378,leader_note,plain_mm,train/000824.png
images/000825.png,"35,674",35674,horizontal_dimension,mass,train/000825.png
images/000826.png,2.82,282,leader_note,two_decimal,train/000826.png
images/000827.png,912,912,horizontal_dimension,plain_mm,train/000827.png
images/000828.png,18-3808,183808,table_callout,drawing_no,train/000828.png
images/000829.png,374:744,374744,table_callout,coordinate,train/000829.png
images/000830.png,10:1,101,horizontal_dimension,scale,train/000830.png
images/000831.png,2:20,220,leader_note,scale,train/000831.png
images/000832.png,2032/01/17,20320117,table_callout,date,train/000832.png
images/000833.png,"30,737",30737,title_block,mass,train/000833.png
images/000834.png,490:700,490700,title_block,coordinate,train/000834.png
images/000835.png,639,639,leader_note,plain_mm,train/000835.png
images/000836.png,"56,216",56216,title_block,mass,train/000836.png
images/000837.png,6/11,611,table_callout,sheet,train/000837.png
images/000838.png,"11,167",11167,horizontal_dimension,mass,train/000838.png
images/000839.png,2030/04/16,20300416,table_callout,date,train/000839.png
images/000840.png,196,196,horizontal_dimension,plain_mm,train/000840.png
images/000841.png,2025/11/03,20251103,table_callout,date,train/000841.png
images/000842.png,75-7259,757259,table_callout,drawing_no,train/000842.png
images/000843.png,"71,406",71406,leader_note,mass,train/000843.png
images/000844.png,"20,274",20274,leader_note,mass,train/000844.png
images/000845.png,813:465,813465,table_callout,coordinate,train/000845.png
images/000846.png,589:383,589383,horizontal_dimension,coordinate,train/000846.png
images/000847.png,2027/08/06,20270806,horizontal_dimension,date,train/000847.png
images/000848.png,32.23-08,322308,table_callout,tolerance_range,train/000848.png
images/000849.png,2026/09/23,20260923,title_block,date,train/000849.png
images/000850.png,"21,687",21687,title_block,mass,train/000850.png
images/000851.png,109.64-01,1096401,leader_note,tolerance_range,train/000851.png
images/000852.png,393.03,39303,horizontal_dimension,two_decimal,train/000852.png
images/000853.png,428,428,leader_note,plain_mm,train/000853.png
images/000854.png,9.80-05,98005,leader_note,tolerance_range,train/000854.png
images/000855.png,925:35,92535,leader_note,coordinate,train/000855.png
images/000856.png,36-5484,365484,leader_note,drawing_no,train/000856.png
images/000857.png,343.25,34325,title_block,two_decimal,train/000857.png
images/000858.png,9/2,92,horizontal_dimension,sheet,train/000858.png
images/000859.png,105:342,105342,leader_note,coordinate,train/000859.png
images/000860.png,8/11,811,table_callout,sheet,train/000860.png
images/000861.png,"65,154",65154,horizontal_dimension,mass,train/000861.png
images/000862.png,706,706,horizontal_dimension,plain_mm,train/000862.png
images/000863.png,7/9,79,leader_note,sheet,train/000863.png
images/000864.png,2025/10/04,20251004,leader_note,date,train/000864.png
images/000865.png,654,654,table_callout,plain_mm,train/000865.png
images/000866.png,1:2,12,leader_note,scale,train/000866.png
images/000867.png,458,458,leader_note,plain_mm,train/000867.png
images/000868.png,44.77,4477,horizontal_dimension,two_decimal,train/000868.png
images/000869.png,"41,008",41008,table_callout,mass,train/000869.png
images/000870.png,144.06,14406,horizontal_dimension,two_decimal,train/000870.png
images/000871.png,553,553,horizontal_dimension,plain_mm,train/000871.png
images/000872.png,260,260,table_callout,plain_mm,train/000872.png
images/000873.png,33-5931,335931,horizontal_dimension,drawing_no,train/000873.png
images/000874.png,2030/04/01,20300401,table_callout,date,train/000874.png
images/000875.png,5/10,510,table_callout,sheet,train/000875.png
images/000876.png,800:572,800572,table_callout,coordinate,train/000876.png
images/000877.png,3/4,34,title_block,sheet,train/000877.png
images/000878.png,5:1,51,leader_note,scale,train/000878.png
images/000879.png,119.23-03,1192303,title_block,tolerance_range,train/000879.png
images/000880.png,148:609,148609,leader_note,coordinate,train/000880.png
images/000881.png,984.8,9848,horizontal_dimension,one_decimal,train/000881.png
images/000882.png,224.08,22408,title_block,two_decimal,train/000882.png
images/000883.png,705,705,leader_note,plain_mm,train/000883.png
images/000884.png,97-2189,972189,table_callout,drawing_no,train/000884.png
images/000885.png,10:20,1020,leader_note,scale,train/000885.png
images/000886.png,972:886,972886,leader_note,coordinate,train/000886.png
images/000887.png,89.3,893,title_block,one_decimal,train/000887.png
images/000888.png,"42,524",42524,title_block,mass,train/000888.png
images/000889.png,2028/02/17,20280217,title_block,date,train/000889.png
images/000890.png,351.1,3511,table_callout,one_decimal,train/000890.png
images/000891.png,2025/08/08,20250808,leader_note,date,train/000891.png
images/000892.png,50.81-02,508102,title_block,tolerance_range,train/000892.png
images/000893.png,162.23-04,1622304,leader_note,tolerance_range,train/000893.png
images/000894.png,34.51-07,345107,table_callout,tolerance_range,train/000894.png
images/000895.png,228:165,228165,table_callout,coordinate,train/000895.png
images/000896.png,"70,708",70708,title_block,mass,train/000896.png
images/000897.png,197.27-05,1972705,table_callout,tolerance_range,train/000897.png
images/000898.png,2030/11/19,20301119,horizontal_dimension,date,train/000898.png
images/000899.png,234.8,2348,leader_note,one_decimal,train/000899.png
images/000900.png,"21,436",21436,title_block,mass,train/000900.png
images/000901.png,5.2,52,leader_note,one_decimal,train/000901.png
images/000902.png,2032/02/03,20320203,table_callout,date,train/000902.png
images/000903.png,2024/07/08,20240708,table_callout,date,train/000903.png
images/000904.png,710:845,710845,leader_note,coordinate,train/000904.png
images/000905.png,28-4412,284412,leader_note,drawing_no,train/000905.png
images/000906.png,"41,339",41339,title_block,mass,train/000906.png
images/000907.png,8/12,812,horizontal_dimension,sheet,train/000907.png
images/000908.png,123.47-06,1234706,leader_note,tolerance_range,train/000908.png
images/000909.png,190.73-04,1907304,title_block,tolerance_range,train/000909.png
images/000910.png,"21,994",21994,leader_note,mass,train/000910.png
images/000911.png,767.9,7679,table_callout,one_decimal,train/000911.png
images/000912.png,8/4,84,leader_note,sheet,train/000912.png
images/000913.png,"30,080",30080,leader_note,mass,train/000913.png
images/000914.png,360,360,title_block,plain_mm,train/000914.png
images/000915.png,"23,343",23343,title_block,mass,train/000915.png
images/000916.png,63:240,63240,horizontal_dimension,coordinate,train/000916.png
images/000917.png,134.23,13423,table_callout,two_decimal,train/000917.png
images/000918.png,4/6,46,table_callout,sheet,train/000918.png
images/000919.png,5/12,512,leader_note,sheet,train/000919.png
images/000920.png,15.91-06,159106,leader_note,tolerance_range,train/000920.png
images/000921.png,23-3741,233741,title_block,drawing_no,train/000921.png
images/000922.png,2028/03/18,20280318,table_callout,date,train/000922.png
images/000923.png,234,234,horizontal_dimension,plain_mm,train/000923.png
images/000924.png,2030/03/28,20300328,horizontal_dimension,date,train/000924.png
images/000925.png,37.2,372,leader_note,one_decimal,train/000925.png
images/000926.png,5:50,550,title_block,scale,train/000926.png
images/000927.png,9/10,910,horizontal_dimension,sheet,train/000927.png
images/000928.png,117.1,1171,table_callout,one_decimal,train/000928.png
images/000929.png,531:855,531855,title_block,coordinate,train/000929.png
images/000930.png,2027/09/06,20270906,horizontal_dimension,date,train/000930.png
images/000931.png,45.67,4567,horizontal_dimension,two_decimal,train/000931.png
images/000932.png,75-9388,759388,title_block,drawing_no,train/000932.png
images/000933.png,"57,218",57218,table_callout,mass,train/000933.png
images/000934.png,100.15-04,1001504,title_block,tolerance_range,train/000934.png
images/000935.png,31-5589,315589,title_block,drawing_no,train/000935.png
images/000936.png,6/5,65,horizontal_dimension,sheet,train/000936.png
images/000937.png,"11,713",11713,table_callout,mass,train/000937.png
images/000938.png,10:1,101,horizontal_dimension,scale,train/000938.png
images/000939.png,2024/06/11,20240611,horizontal_dimension,date,train/000939.png
images/000940.png,"63,475",63475,leader_note,mass,train/000940.png
images/000941.png,2:10,210,title_block,scale,train/000941.png
images/000942.png,699:259,699259,horizontal_dimension,coordinate,train/000942.png
images/000943.png,115.16,11516,leader_note,two_decimal,train/000943.png
images/000944.png,1:5,15,horizontal_dimension,scale,train/000944.png
images/000945.png,103.87-03,1038703,title_block,tolerance_range,train/000945.png
images/000946.png,716,716,table_callout,plain_mm,train/000946.png
images/000947.png,"64,840",64840,table_callout,mass,train/000947.png
images/000948.png,50.55,5055,horizontal_dimension,two_decimal,train/000948.png
images/000949.png,110.21,11021,title_block,two_decimal,train/000949.png
images/000950.png,"55,735",55735,leader_note,mass,train/000950.png
images/000951.png,274,274,title_block,plain_mm,train/000951.png
images/000952.png,500:315,500315,title_block,coordinate,train/000952.png
images/000953.png,912.5,9125,horizontal_dimension,one_decimal,train/000953.png
images/000954.png,106.76-08,1067608,leader_note,tolerance_range,train/000954.png
images/000955.png,2:2,22,title_block,scale,train/000955.png
images/000956.png,642.0,6420,leader_note,one_decimal,train/000956.png
images/000957.png,887,887,horizontal_dimension,plain_mm,train/000957.png
images/000958.png,2026/12/11,20261211,table_callout,date,train/000958.png
images/000959.png,857,857,table_callout,plain_mm,train/000959.png
